{
    "$schema": "https://schema.management.azure.com/schemas/2015-01-01/deploymentTemplate.json#",
    "contentVersion": "1.0.0.0",
    "metadata":{
        "comments": "This playbook will change Incident Severity based on specific username that is part of the Incident user entity.",
        "author": "Yaniv Shasha"
    },
    "parameters": {
        "PlaybookName": {
            "defaultValue": "Change-Incident-Severity",
            "type": "string"
        },
        "UserName": {
            "defaultValue": "<username>@<domain>",
            "type": "string"
        }
    },
    "variables": {
        "AzureSentinelConnectionName": "[concat('azuresentinel-', parameters('PlaybookName'))]"
    },
    "resources": [
        {
            "type": "Microsoft.Web/connections",
            "apiVersion": "2016-06-01",
            "name": "[variables('AzureSentinelConnectionName')]",
            "location": "[resourceGroup().location]",
            "properties": {
                "displayName": "[parameters('UserName')]",
                "customParameterValues": {},
                "api": {
                    "id": "[concat('/subscriptions/', subscription().subscriptionId, '/providers/Microsoft.Web/locations/', resourceGroup().location, '/managedApis/azuresentinel')]"
                }
            }
        },
        {
            "type": "Microsoft.Logic/workflows",
            "apiVersion": "2017-07-01",
            "name": "[parameters('PlaybookName')]",
            "location": "[resourceGroup().location]",
            "tags": {
                "LogicAppsCategory": "security"
            },
            "dependsOn": [
                "[resourceId('Microsoft.Web/connections', variables('AzureSentinelConnectionName'))]"
            ],
            "properties": {
                "state": "Enabled",
                "definition": {
                    "$schema": "https://schema.management.azure.com/providers/Microsoft.Logic/schemas/2016-06-01/workflowdefinition.json#",
                    "contentVersion": "1.0.0.0",
                    "parameters": {
                        "$connections": {
                            "defaultValue": {},
                            "type": "Object"
                        }
                    },
                    "triggers": {
                        "When_a_response_to_an_Azure_Sentinel_alert_is_triggered": {
                            "type": "ApiConnectionWebhook",
                            "inputs": {
                                "body": {
                                    "callback_url": "@{listCallbackUrl()}"
                                },
                                "host": {
                                    "connection": {
                                        "name": "@parameters('$connections')['azuresentinel']['connectionId']"
                                    }
                                },
                                "path": "/subscribe"
                            }
                        }
                    },
                    "actions": {
                        "Alert_-_Get_accounts": {
                            "runAfter": {
                                "Alert_-_Get_incident": [
                                    "Succeeded"
                                ]
                            },
                            "type": "ApiConnection",
                            "inputs": {
                                "body": "@triggerBody()?['Entities']",
                                "host": {
                                    "connection": {
                                        "name": "@parameters('$connections')['azuresentinel']['connectionId']"
                                    }
                                },
                                "method": "post",
                                "path": "/entities/account"
                            }
                        },
                        "Alert_-_Get_incident": {
                            "runAfter": {},
                            "type": "ApiConnection",
                            "inputs": {
                                "host": {
                                    "connection": {
                                        "name": "@parameters('$connections')['azuresentinel']['connectionId']"
                                    }
                                },
                                "method": "get",
                                "path": "/Cases/@{encodeURIComponent(triggerBody()?['SystemAlertId'])}/@{encodeURIComponent(triggerBody()?['WorkspaceSubscriptionId'])}/@{encodeURIComponent(triggerBody()?['WorkspaceId'])}/@{encodeURIComponent(triggerBody()?['WorkspaceResourceGroup'])}"
                            }
                        },
                        "Change_incident_severity_2": {
                                            "runAfter": {
                                                "Alert_-_Get_accounts": [
                                                    "Succeeded"
                                                    ]
                                            },
                                            "type": "ApiConnection",
                                            "inputs": {
                                                "host": {
                                                    "connection": {
                                                        "name": "@parameters('$connections')['azuresentinel']['connectionId']"
                                                    }
                                                },
                                                "method": "put",
                                                "path": "/Case/@{encodeURIComponent(triggerBody()?['WorkspaceSubscriptionId'])}/@{encodeURIComponent(triggerBody()?['WorkspaceId'])}/@{encodeURIComponent(triggerBody()?['WorkspaceResourceGroup'])}/@{encodeURIComponent('Incident')}/@{encodeURIComponent(body('Alert_-_Get_incident')?['properties']?['CaseNumber'])}/Severity/@{encodeURIComponent('High')}"
                                            }
                                        }
                                    },
                    "outputs": {}
                },
                "parameters": {
                    "$connections": {
                        "value": {
                            "azuresentinel": {
                                "connectionId": "[resourceId('Microsoft.Web/connections', variables('AzureSentinelConnectionName'))]",
                                "connectionName": "[variables('AzureSentinelConnectionName')]",
                                "id": "[concat('/subscriptions/', subscription().subscriptionId, '/providers/Microsoft.Web/locations/', resourceGroup().location, '/managedApis/azuresentinel')]"
                            }
                        }
                    }
                }
            }
        }
    ]
}