{
    "$schema": "https://schema.management.azure.com/schemas/2015-01-01/deploymentTemplate.json#",
    "contentVersion": "1.0.0.0",
    "parameters": {
    },
    "variables": {
        "sqlAdministratorLogin": "sqladmin",
        "sqlAdministratorLoginPassword": "Pa55w.rd",
        "sqlServerName": "[concat('az500l11',uniqueString(resourceGroup().id))]"
    },
    "resources": [
        {
            "type": "Microsoft.Sql/servers",
            "apiVersion": "2015-05-01-preview",
            "name": "[variables('sqlServerName')]",
            "location": "eastus",
            "kind": "v12.0",
            "properties": {
                "administratorLogin": "[variables('sqlAdministratorLogin')]",
                "administratorLoginPassword": "[variables('sqlAdministratorLoginPassword')]",
                "version": "12.0"
            }
        },
        {
            "type": "Microsoft.Sql/servers/firewallRules",
            "apiVersion": "2015-05-01-preview",
            "name": "[concat(variables('sqlServerName'), '/AllowAllWindowsAzureIps')]",
            "dependsOn": [
                "[resourceId('Microsoft.Sql/servers', variables('sqlServerName'))]"
            ],
            "properties": {
                "startIpAddress": "0.0.0.0",
                "endIpAddress": "0.0.0.0"
            }
        },
        {
            "type": "Microsoft.Sql/servers/databases",
            "apiVersion": "2017-03-01-preview",
            "name": "[concat(variables('sqlServerName'), '/AZ500LabDb')]",
            "location": "eastus",
            "dependsOn": [
                "[resourceId('Microsoft.Sql/servers', variables('sqlServerName'))]"
            ],
            "sku": {
                "name": "Basic",
                "tier": "Basic"
            },
            "kind": "v12.0,user",
            "properties": {
                "collation": "SQL_Latin1_General_CP1_CI_AS",
                "maxSizeBytes": 2147483648,
                "catalogCollation": "SQL_Latin1_General_CP1_CI_AS",
                "zoneRedundant": false,
                "sampleName":"AdventureWorksLT"
            }
        }
    ]
}