{
    "$schema": "http://schema.management.azure.com/schemas/2019-04-01/deploymentTemplate.json#",
    "contentVersion": "1.0.0.0",
    "parameters": {
        "bastionHostName": {
            "type": "string",
            "defaultValue": "JumpVMBastionHost"
        },
        "location": {
            "type": "string",
            "defaultValue": "[resourceGroup().location]"
        },
        "Resourcegroup": {
            "type": "string",
            "defaultValue": "[resourceGroup().name]"
        },
        "subnetName": {
            "type": "string",
            "defaultValue": "AzureBastionSubnet"
        },
        "publicIpAddressName": {
            "type": "string"
        },
        "existingVNETName": {
            "type": "string",
            "defaultValue": "az500-10-vnet1"
        },
        "subnetAddressPrefix": {
            "type": "string",
            "defaultValue": "10.110.1.0/27"
        }
    },
    "resources": [
        {
            "apiVersion": "2019-02-01",
            "type": "Microsoft.Network/publicIpAddresses",
            "name": "[parameters('publicIpAddressName')]",
            "location": "[parameters('location')]",
            "sku": {
                "name": "Standard"
            },
            "properties": {
                "publicIPAllocationMethod": "Static"
            },
            "tags": {}
        },
        {
            "apiVersion": "2018-04-01",
            "type": "Microsoft.Network/virtualNetworks/subnets",
            "name": "[concat(parameters('existingVNETName'), '/', parameters('subnetName'))]",
            "location": "[parameters('location')]",
            "properties": {
              "addressPrefix": "[parameters('subnetAddressPrefix')]"
            }
          },
        {
            "apiVersion": "2019-04-01",
            "type": "Microsoft.Network/bastionHosts",
            "name": "[parameters('bastionHostName')]",
            "location": "[parameters('location')]",
            "dependsOn": [
                "[resourceId(parameters('resourceGroup'), 'Microsoft.Network/publicIpAddresses', parameters('publicIpAddressName'))]"
            ],
            "properties": {
                "ipConfigurations": [
                    {
                        "name": "IpConf",
                        "properties": {
                            "subnet": {
                                "id": "[resourceId(parameters('resourceGroup'), 'Microsoft.Network/virtualNetworks/subnets', parameters('existingVNETName'),parameters('subnetName'))]"
                            },
                            "publicIPAddress": {
                                "id": "[resourceId(parameters('resourceGroup'), 'Microsoft.Network/publicIpAddresses', parameters('publicIpAddressName'))]"
                            }
                        }
                    }
                ]
            },
            "tags": {}
        }
    ]
}